a	b	ida	idb	nSites	J9	J8	J7	J6	J5	J4	J3	J2	J1	rab	Fa	Fb	theta	inbred_relatedness_1_2	inbred_relatedness_2_1	fraternity	identity	zygosity	2of3_IDB	F_diff_a_b	loglh	nIter	bestoptimll	coverage	2dsfs	R0	R1	KING	2dsfs_loglike	2dsfsf_niter
0	1	281-G230	274-G16	2751	0.967544	0	0	0.032454	0	0	0	0.000002	0	0	0.000002	0.032456	0	0	0	0.000002	0	0.000002	0.016229	-0.016227	-3493.191132	46	-1	0.628369	"5.289196e-01,1.503458e-01,2.861179e-02,1.659497e-01,7.975443e-02,1.239864e-02,1.746132e-02,1.481360e-02,1.745031e-03"	0.577687	0.204719	-0.024635	-3931.229371	10
0	2	281-G230	281-P1	2611	0.967821	0.000019	0	0.032149	0.00001	0	0	0	0.000001	0.000019	0.000001	0.03216	0.000011	0.000001	0.000006	0	0.000001	0.000001	0.016096	-0.016074	-3213.869943	54	-1	0.596391	"5.515953e-01,1.415408e-01,2.245305e-02,1.615454e-01,7.422758e-02,1.727217e-02,1.427705e-02,1.164375e-02,5.444907e-03"	0.494831	0.201305	0.001597	-3652.359996	7
0	3	281-G230	281-G54	4188	0.952315	0	0	0.047674	0	0	0	0.000011	0	0	0.000011	0.047684	0	0	0	0.000011	0	0.000011	0.023848	-0.023837	-5346.79861	62	-1	0.956601	"5.245127e-01,1.460770e-01,2.845948e-02,1.723153e-01,7.684987e-02,1.472526e-02,2.202610e-02,1.168907e-02,3.345227e-03"	0.656938	0.194413	-0.048387	-6070.769127	9
0	4	281-G230	281-G36	4287	0.939356	0.000002	0	0.060629	0	0.000007	0.000003	0.000003	0	0.000003	0.000014	0.060632	0.000002	0.000002	0	0.000003	0	0.000003	0.030325	-0.030311	-5504.215809	58	-1	0.979214	"5.227452e-01,1.488360e-01,2.748774e-02,1.752307e-01,7.033005e-02,1.804556e-02,2.057052e-02,1.377167e-02,2.982502e-03"	0.683325	0.174109	-0.051932	-6193.631066	9
0	5	281-G230	281-G51	4150	0.987323	0.000001	0.000004	0.012664	0	0	0.000004	0.000004	0	0.000008	0.000008	0.012668	0.000004	0.000002	0	0.000008	0	0.000008	0.006344	-0.006332	-5341.190347	54	-1	0.947921	"5.222949e-01,1.540198e-01,2.226259e-02,1.664777e-01,8.153783e-02,1.606804e-02,1.909074e-02,1.385990e-02,4.388527e-03"	0.507167	0.208122	-0.002276	-6001.124589	9
0	6	281-G230	281-G126	4290	0.92915	0.00001	0	0.070839	0	0	0	0	0.000001	0.000006	0.000001	0.07084	0.000003	0.000001	0.000001	0	0.000001	0.000001	0.035425	-0.03542	-5470.98424	66	-1	0.979899	"5.262516e-01,1.405740e-01,3.150221e-02,1.732900e-01,7.351875e-02,1.783516e-02,1.835282e-02,1.529883e-02,3.376676e-03"	0.678127	0.185254	-0.053015	-6211.558847	9
0	7	281-G230	281-G35	4293	0.930202	0.000005	0	0.069785	0	0.000004	0	0	0.000003	0.000006	0.000008	0.069788	0.000005	0.000003	0.000003	0	0.000003	0.000003	0.0349	-0.03489	-5553.218174	51	-1	0.980585	"5.185549e-01,1.504410e-01,2.945989e-02,1.748973e-01,6.965538e-02,1.997481e-02,1.884402e-02,1.540776e-02,2.764906e-03"	0.69347	0.170296	-0.053901	-6241.319897	9
0	8	281-G230	281-G43	4286	0.929294	0.000016	0	0.070688	0	0	0	0	0.000002	0.00001	0.000002	0.07069	0.000006	0.000002	0.000002	0	0.000002	0.000002	0.035354	-0.035344	-5443.789889	46	-1	0.978986	"5.319853e-01,1.421942e-01,2.543983e-02,1.734462e-01,6.922538e-02,2.086151e-02,1.834202e-02,1.267578e-02,5.829846e-03"	0.632454	0.176164	-0.037607	-6162.447867	9
0	9	281-G230	281-G44	4078	0.959072	0.000005	0	0.040919	0	0.000002	0	0	0.000001	0.000004	0.000003	0.04092	0.000002	0.000001	0.000001	0	0.000001	0.000001	0.020465	-0.020458	-5209.887431	62	-1	0.931476	"5.258060e-01,1.536919e-01,2.452564e-02,1.718031e-01,7.027510e-02,1.833727e-02,2.083266e-02,1.154214e-02,3.186220e-03"	0.645439	0.175367	-0.041219	-5869.376317	7
0	10	281-G230	281-G50	3779	0.919102	0.000005	0	0.080892	0	0.000001	0	0	0	0.000003	0.000001	0.080892	0.000001	0	0	0	0	0	0.040449	-0.040446	-4818.372285	54	-1	0.86318	"5.394577e-01,1.382578e-01,2.869908e-02,1.651605e-01,7.155514e-02,1.988043e-02,1.827188e-02,1.378503e-02,4.932532e-03"	0.65643	0.186315	-0.04662	-5451.563464	9
0	11	281-G230	281-G49	4021	0.963234	0	0	0.036724	0	0	0.000001	0.000041	0	0.000001	0.000042	0.036765	0	0	0	0.000041	0	0.000041	0.018404	-0.018362	-5111.912841	42	-1	0.918456	"5.257418e-01,1.491531e-01,2.586285e-02,1.674631e-01,7.928878e-02,1.552239e-02,1.861597e-02,1.344718e-02,4.904853e-03"	0.560973	0.203271	-0.019178	-5796.744878	9
0	12	281-G230	281-G46	4308	0.921838	0	0	0.078158	0	0.000002	0	0.000002	0	0	0.000004	0.07816	0	0	0	0.000002	0	0.000002	0.039082	-0.039078	-5520.365387	62	-1	0.984011	"5.239983e-01,1.442173e-01,3.153296e-02,1.766684e-01,7.171919e-02,1.498181e-02,2.107575e-02,1.067146e-02,5.134852e-03"	0.733537	0.179681	-0.068367	-6221.803282	9
0	13	281-G230	281-G47	4233	0.965081	0	0	0.034912	0	0.000001	0	0.000005	0.000001	0.000001	0.000006	0.034918	0.000001	0.000001	0.000001	0.000005	0.000001	0.000006	0.017462	-0.017456	-5438.20346	66	-1	0.96688	"5.184789e-01,1.501541e-01,2.965233e-02,1.699867e-01,7.932642e-02,1.580859e-02,2.008183e-02,1.295940e-02,3.551700e-03"	0.626956	0.198991	-0.039684	-6171.82556	9
0	14	281-G230	281-G52	4215	0.951699	0	0	0.048301	0	0	0	0	0	0	0	0.048301	0	0	0	0	0	0	0.024151	-0.02415	-5402.956702	46	-1	0.962768	"5.259102e-01,1.495166e-01,2.503248e-02,1.725966e-01,7.141906e-02,1.874796e-02,1.979132e-02,1.270822e-02,4.277569e-03"	0.627617	0.179268	-0.036721	-6078.460248	9
0	15	281-G230	281-G53	4289	0.945205	0	0	0.054775	0	0.000005	0	0.000014	0	0	0.000019	0.054789	0	0	0	0.000014	0	0.000014	0.027404	-0.027385	-5525.854521	58	-1	0.979671	"5.193795e-01,1.526579e-01,2.838115e-02,1.690154e-01,7.335415e-02,1.957887e-02,2.169755e-02,1.147990e-02,4.455667e-03"	0.682698	0.182106	-0.053667	-6255.039757	7
0	16	281-G230	281-G45	4129	0.988648	0	0	0.011332	0	0	0.000005	0	0.000014	0.000019	0.00002	0.011347	0.000017	0.000017	0.000015	0	0.000014	0.000014	0.005686	-0.005666	-5339.93674	42	-1	0.943125	"5.181741e-01,1.548281e-01,2.588760e-02,1.704016e-01,7.824581e-02,1.673038e-02,1.727418e-02,1.451945e-02,3.938830e-03"	0.551618	0.19579	-0.015747	-6026.693431	9
1	2	274-G16	281-P1	2059	0.957152	0	0	0	0	0.003333	0	0.039514	0.000001	0.000001	0.042848	0.039515	0.000001	0.000001	0.000001	0.039514	0.000001	0.039515	0.041181	0.001666	-2555.46367	134	-1	0.470306	"5.531128e-01,1.475081e-01,2.477689e-02,1.516562e-01,6.862652e-02,1.349873e-02,2.789516e-02,9.594192e-03,3.331388e-03"	0.767517	0.183039	-0.079906	-2899.020062	9
1	3	274-G16	281-G54	2685	0.949255	0	0	0.009337	0	0	0	0.041407	0.000001	0.000001	0.041408	0.050745	0.000001	0.000001	0.000001	0.041407	0.000001	0.041408	0.046076	-0.004669	-3438.333516	102	-1	0.613294	"5.432797e-01,1.400900e-01,2.663386e-02,1.549205e-01,7.711099e-02,1.334459e-02,2.563101e-02,1.416606e-02,4.823324e-03"	0.677788	0.205747	-0.057513	-3869.693451	9
1	4	274-G16	281-G36	2751	0.912399	0	0	0.04507	0	0.000006	0	0.042525	0	0	0.042531	0.087595	0	0	0	0.042525	0	0.042526	0.065063	-0.022532	-3526.380033	102	-1	0.628369	"5.391485e-01,1.439015e-01,2.824987e-02,1.642534e-01,6.568267e-02,1.493675e-02,3.138516e-02,7.746645e-03,4.695500e-03"	0.907926	0.168213	-0.115939	-3936.341424	9
1	5	274-G16	281-G51	2669	0.94281	0.000002	0	0.026052	0	0.031129	0	0.000007	0	0.000001	0.031136	0.026059	0.000001	0	0	0.000007	0	0.000007	0.028599	0.002538	-3431.127799	66	-1	0.609639	"5.325848e-01,1.538262e-01,2.385692e-02,1.662290e-01,6.898246e-02,1.101081e-02,2.268227e-02,1.803652e-02,2.791026e-03"	0.674653	0.174356	-0.049471	-3812.686983	10
1	6	274-G16	281-G126	2752	0.913585	0	0	0.052673	0	0.000071	0	0.03367	0	0	0.033742	0.086343	0	0	0	0.03367	0	0.03367	0.060043	-0.026301	-3516.511531	74	-1	0.628598	"5.367356e-01,1.462745e-01,2.818469e-02,1.698424e-01,6.209165e-02,1.337241e-02,2.485066e-02,1.152006e-02,7.128052e-03"	0.854146	0.157575	-0.094539	-3946.842901	7
1	7	274-G16	281-G35	2754	0.926048	0	0	0.037367	0	0.000003	0	0.036582	0.000001	0.000001	0.036586	0.073949	0.000001	0.000001	0.000001	0.036582	0.000001	0.036582	0.055267	-0.018682	-3547.529727	70	-1	0.629054	"5.391696e-01,1.478048e-01,2.630206e-02,1.550478e-01,7.042744e-02,1.876129e-02,2.698511e-02,1.051300e-02,4.988912e-03"	0.756625	0.182732	-0.076423	-3968.54973	9
1	8	274-G16	281-G43	2752	0.929833	0	0	0.019794	0	0	0	0.050373	0	0	0.050373	0.070167	0	0	0	0.050373	0	0.050373	0.06027	-0.009897	-3478.33037	90	-1	0.628598	"5.464250e-01,1.386968e-01,2.794417e-02,1.596251e-01,6.732320e-02,1.686919e-02,2.809095e-02,1.009286e-02,4.932699e-03"	0.83233	0.176553	-0.097291	-3932.962922	7
1	9	274-G16	281-G44	2633	0.937967	0.000005	0	0.028236	0	0.033659	0.000007	0.000127	0	0.000008	0.033793	0.028362	0.000005	0.000004	0	0.000127	0	0.000127	0.031083	0.002712	-3317.033022	66	-1	0.601416	"5.486259e-01,1.453318e-01,1.973074e-02,1.584487e-01,6.968515e-02,1.436662e-02,2.505983e-02,1.318408e-02,5.567138e-03"	0.642756	0.185273	-0.042269	-3714.169108	10
1	10	274-G16	281-G50	2482	0.899592	0.000023	0	0.071548	0	0.028828	0	0.000009	0	0.000012	0.028838	0.071557	0.000006	0	0	0.000009	0	0.000009	0.050209	-0.02136	-3119.955946	62	-1	0.566926	"5.584761e-01,1.322332e-01,2.454960e-02,1.577910e-01,6.398348e-02,2.037759e-02,2.225533e-02,1.767582e-02,2.657808e-03"	0.731516	0.170676	-0.064964	-3524.193613	10
1	11	274-G16	281-G49	2599	0.959206	0	0	0.001568	0	0.010731	0	0.028494	0.000001	0.000001	0.039226	0.030063	0.000001	0.000001	0.000001	0.028494	0.000001	0.028495	0.034644	0.004581	-3268.77733	138	-1	0.59365	"5.524566e-01,1.383918e-01,2.248039e-02,1.590182e-01,7.016601e-02,1.265546e-02,2.278401e-02,1.641114e-02,5.636442e-03"	0.645104	0.18875	-0.043621	-3682.425374	10
1	12	274-G16	281-G46	2768	0.910307	0	0	0.045122	0	0	0	0.044571	0	0	0.044571	0.089693	0	0	0	0.044571	0	0.044571	0.067133	-0.022561	-3522.78645	94	-1	0.632252	"5.433430e-01,1.369703e-01,3.265559e-02,1.644644e-01,6.462693e-02,1.434230e-02,2.679214e-02,1.222232e-02,4.583037e-03"	0.91986	0.166802	-0.118684	-3967.467409	7
1	13	274-G16	281-G47	2720	0.966792	0	0	0.000004	0	0.003312	0.000001	0.029891	0	0.000001	0.033204	0.029895	0	0	0	0.029891	0	0.029891	0.03155	0.001654	-3458.355708	118	-1	0.621288	"5.350843e-01,1.558123e-01,2.235715e-02,1.519951e-01,7.617562e-02,1.478968e-02,2.731317e-02,1.218785e-02,4.284892e-03"	0.65205	0.198139	-0.047553	-3911.128695	9
1	14	274-G16	281-G52	2715	0.93514	0	0	0.029951	0	0.000163	0	0.034742	0.000004	0.000004	0.034909	0.064697	0.000004	0.000004	0.000004	0.034742	0.000004	0.034746	0.049803	-0.014894	-3485.507115	143	-1	0.620146	"5.387409e-01,1.442227e-01,2.853249e-02,1.651015e-01,6.527819e-02,1.439466e-02,2.487114e-02,1.328640e-02,5.572102e-03"	0.818093	0.167205	-0.088821	-3903.575529	10
1	15	274-G16	281-G53	2753	0.948956	0	0	0.019222	0	0.005302	0	0.026518	0.000002	0.000002	0.031822	0.045742	0.000002	0.000002	0.000002	0.026518	0.000002	0.02652	0.038782	-0.00696	-3545.843206	222	-1	0.628826	"5.302472e-01,1.499074e-01,3.084968e-02,1.624610e-01,6.824562e-02,1.453350e-02,2.324827e-02,1.628242e-02,4.224893e-03"	0.792695	0.171781	-0.083286	-4005.091342	10
1	16	274-G16	281-G45	2684	0.964997	0	0	0	0	0.00002	0	0.034983	0	0	0.035003	0.034983	0	0	0	0.034983	0	0.034983	0.034993	0.00001	-3455.364447	78	-1	0.613065	"5.332730e-01,1.540609e-01,2.635785e-02,1.584100e-01,7.122660e-02,1.351067e-02,2.489085e-02,1.214122e-02,6.128918e-03"	0.719516	0.182927	-0.065069	-3889.750687	9
2	3	281-P1	281-G54	2542	0.953945	0	0	0.018788	0	0.000033	0	0.027234	0.000001	0.000001	0.027267	0.046022	0.000001	0.000001	0.000001	0.027234	0.000001	0.027234	0.036645	-0.009377	-3172.850204	118	-1	0.58063	"5.585976e-01,1.449953e-01,2.493501e-02,1.417777e-01,6.982512e-02,1.569409e-02,2.244485e-02,1.755799e-02,4.172247e-03"	0.67855	0.190049	-0.054244	-3610.420703	9
2	4	281-P1	281-G36	2604	0.87677	0	0	0.093277	0	0.029698	0	0.000254	0	0	0.029952	0.093531	0	0	0	0.000254	0	0.000254	0.061742	-0.03179	-3265.051212	110	-1	0.594792	"5.557650e-01,1.449313e-01,2.920989e-02,1.502147e-01,5.833644e-02,1.774453e-02,2.177135e-02,1.551021e-02,6.516608e-03"	0.873917	0.153767	-0.09802	-3705.024614	9
2	5	281-P1	281-G51	2534	0.971243	0	0	0	0	0.004135	0	0.024622	0	0	0.028757	0.024623	0	0	0	0.024622	0	0.024623	0.02669	0.002067	-3150.210326	106	-1	0.578803	"5.510120e-01,1.567953e-01,2.267067e-02,1.465472e-01,6.795878e-02,1.082642e-02,2.337464e-02,1.551504e-02,5.299952e-03"	0.677548	0.180872	-0.051829	-3564.720135	10
2	6	281-P1	281-G126	2601	0.923331	0	0	0.02941	0	0	0	0.047258	0	0	0.047259	0.076668	0	0	0	0.047258	0	0.047259	0.061964	-0.014705	-3257.130907	74	-1	0.594107	"5.549827e-01,1.411663e-01,3.230738e-02,1.439445e-01,6.952135e-02,1.449852e-02,2.307339e-02,1.461948e-02,5.886329e-03"	0.796601	0.188094	-0.090983	-3717.397358	9
2	7	281-P1	281-G35	2612	0.92032	0	0	0.051364	0	0.00213	0	0.026185	0.000001	0.000001	0.028316	0.07755	0.000001	0.000001	0.000001	0.026185	0.000001	0.026186	0.052933	-0.024617	-3328.33581	190	-1	0.596619	"5.464501e-01,1.506494e-01,2.987461e-02,1.445934e-01,6.682798e-02,1.719010e-02,2.372513e-02,1.549435e-02,5.194964e-03"	0.802055	0.175159	-0.087463	-3762.538563	9
2	8	281-P1	281-G43	2604	0.909782	0	0	0.062735	0	0.027117	0	0.000366	0	0	0.027483	0.063102	0	0	0	0.000366	0	0.000366	0.045292	-0.017809	-3223.707037	86	-1	0.594792	"5.527263e-01,1.496409e-01,2.498083e-02,1.529075e-01,5.626829e-02,1.881036e-02,2.584556e-02,1.295847e-02,5.861837e-03"	0.903287	0.146097	-0.101565	-3697.699514	10
2	9	281-P1	281-G44	2518	0.970242	0	0	0.000001	0	0.011833	0	0.017919	0.000005	0.000005	0.029758	0.017925	0.000005	0.000005	0.000005	0.017919	0.000005	0.017925	0.023841	0.005916	-3125.536769	114	-1	0.575148	"5.565431e-01,1.492674e-01,2.046162e-02,1.496675e-01,6.539424e-02,1.344704e-02,2.378518e-02,1.631602e-02,5.117870e-03"	0.676616	0.175346	-0.050272	-3547.530851	9
2	10	281-P1	281-G50	2359	0.94578	0	0	0.000904	0	0	0	0.053315	0.000001	0.000001	0.053316	0.05422	0.000001	0.000001	0.000001	0.053315	0.000001	0.053316	0.053769	-0.000452	-2926.793376	94	-1	0.538831	"5.673416e-01,1.393247e-01,2.537812e-02,1.461379e-01,6.407774e-02,1.297714e-02,2.518646e-02,1.354997e-02,6.026320e-03"	0.789113	0.17674	-0.08418	-3321.754596	9
2	11	281-P1	281-G49	2428	0.937882	0.000013	0	0.033494	0	0.02835	0	0.000256	0.000005	0.000012	0.028612	0.033755	0.000009	0.000005	0.000005	0.000256	0.000005	0.000261	0.03119	-0.002572	-2965.560733	82	-1	0.554591	"5.666696e-01,1.389425e-01,2.276116e-02,1.418807e-01,6.858428e-02,1.649829e-02,2.242344e-02,1.774531e-02,4.494756e-03"	0.658819	0.190379	-0.048172	-3405.88397	7
2	12	281-P1	281-G46	2622	0.951029	0	0	0.012388	0	0.000001	0	0.036582	0	0	0.036583	0.04897	0	0	0	0.036582	0	0.036582	0.042777	-0.006193	-3277.329231	94	-1	0.598904	"5.555970e-01,1.496373e-01,2.411815e-02,1.453144e-01,6.527944e-02,1.665144e-02,2.610617e-02,1.196082e-02,5.335342e-03"	0.769374	0.174643	-0.077444	-3710.563491	9
2	13	281-P1	281-G47	2570	0.969153	0	0	0.000002	0	0.000001	0	0.028993	0.001852	0.001852	0.030845	0.030846	0.001852	0.001852	0.001852	0.028993	0.001852	0.030844	0.030845	0	-3204.129969	66	-1	0.587026	"5.480881e-01,1.565565e-01,2.513869e-02,1.452631e-01,6.901489e-02,1.308714e-02,2.172679e-02,1.427617e-02,6.848633e-03"	0.679063	0.183527	-0.052901	-3659.461785	7
2	14	281-P1	281-G52	2569	0.946948	0	0	0.007808	0	0.000001	0	0.045243	0	0	0.045244	0.053051	0	0	0	0.045243	0	0.045243	0.049148	-0.003903	-3271.529415	105	-1	0.586798	"5.454390e-01,1.550996e-01,2.934510e-02,1.495088e-01,6.168533e-02,1.388788e-02,2.410015e-02,1.572644e-02,5.207688e-03"	0.866418	0.159119	-0.098789	-3689.670949	7
2	15	281-P1	281-G53	2607	0.946624	0	0	0.025269	0	0.000625	0	0.027481	0	0	0.028107	0.052751	0	0	0	0.027481	0	0.027481	0.040429	-0.012322	-3295.61824	170	-1	0.595477	"5.348731e-01,1.636515e-01,3.023992e-02,1.543113e-01,5.792530e-02,1.486088e-02,2.567860e-02,1.203290e-02,6.426401e-03"	0.965356	0.144533	-0.11702	-3763.652205	9
2	16	281-P1	281-G45	2530	0.965075	0	0	0.000122	0	0.000005	0	0.034797	0.000001	0.000001	0.034803	0.034919	0.000001	0.000001	0.000001	0.034797	0.000001	0.034798	0.034861	-0.000058	-3190.72287	70	-1	0.577889	"5.433539e-01,1.593978e-01,2.802139e-02,1.469241e-01,6.610934e-02,1.320488e-02,2.312494e-02,1.477876e-02,5.084794e-03"	0.773663	0.171511	-0.077559	-3617.733604	9
3	4	281-G54	281-G36	4177	0.931769	0	0	0.015128	0	0.008716	0	0.044387	0	0	0.053103	0.059515	0	0	0	0.044387	0	0.044387	0.056309	-0.003206	-5354.592025	118	-1	0.954089	"5.375247e-01,1.559153e-01,2.740011e-02,1.547188e-01,6.307994e-02,1.504282e-02,2.609814e-02,1.405631e-02,6.163866e-03"	0.848103	0.160414	-0.094263	-6028.476568	6
3	5	281-G54	281-G51	4058	0.940821	0	0	0.000001	0	0.032403	0	0.026775	0.000001	0.000001	0.059179	0.026777	0.000001	0.000001	0.000001	0.026775	0.000001	0.026776	0.042978	0.016201	-5243.384526	74	-1	0.926907	"5.330240e-01,1.609450e-01,2.426712e-02,1.454825e-01,7.468534e-02,1.326250e-02,2.903240e-02,1.499948e-02,4.301727e-03"	0.713654	0.192493	-0.065929	-5900.507175	9
3	6	281-G54	281-G126	4184	0.912379	0	0	0.02794	0	0.013352	0	0.046328	0	0	0.059681	0.074269	0	0	0	0.046328	0	0.046329	0.066975	-0.007294	-5334.423406	110	-1	0.955688	"5.435669e-01,1.433303e-01,3.119012e-02,1.492439e-01,6.839678e-02,1.624982e-02,2.755928e-02,1.518067e-02,5.282260e-03"	0.85895	0.178696	-0.106559	-6075.71575	9
3	7	281-G54	281-G35	4184	0.904081	0	0	0.03948	0	0.027851	0	0.028584	0.000004	0.000004	0.056439	0.068068	0.000004	0.000004	0.000004	0.028584	0.000004	0.028588	0.062253	-0.005814	-5428.0888	150	-1	0.955688	"5.331946e-01,1.544291e-01,3.076085e-02,1.507153e-01,6.729712e-02,1.632488e-02,2.834934e-02,1.458121e-02,4.347563e-03"	0.878346	0.170303	-0.108199	-6112.057293	6
3	8	281-G54	281-G43	4176	0.908867	0	0	0.032885	0	0.026201	0	0.032045	0.000002	0.000002	0.058247	0.064932	0.000002	0.000002	0.000002	0.032045	0.000002	0.032047	0.06159	-0.003342	-5331.193576	134	-1	0.95386	"5.432340e-01,1.455862e-01,2.892149e-02,1.499780e-01,6.719107e-02,1.722928e-02,2.988072e-02,1.298967e-02,4.989549e-03"	0.875149	0.17471	-0.109555	-6056.188712	9
3	9	281-G54	281-G44	3972	0.908758	0	0	0.036348	0	0.044851	0	0.010043	0	0	0.054894	0.046391	0	0	0	0.010043	0	0.010043	0.050643	0.004252	-5109.538079	134	-1	0.907264	"5.372118e-01,1.534094e-01,2.801044e-02,1.538627e-01,6.505272e-02,1.489328e-02,2.764363e-02,1.592538e-02,3.990615e-03"	0.855523	0.165215	-0.098795	-5778.660856	7
3	10	281-G54	281-G50	3674	0.921774	0	0	0.010497	0	0.000003	0	0.067726	0.000001	0.000001	0.067729	0.078223	0.000001	0.000001	0.000001	0.067726	0.000001	0.067726	0.072977	-0.005247	-4691.702803	94	-1	0.839196	"5.496246e-01,1.415514e-01,3.062319e-02,1.465043e-01,6.894315e-02,1.512999e-02,2.703922e-02,1.377782e-02,6.806233e-03"	0.836376	0.184032	-0.101971	-5329.210736	9
3	11	281-G54	281-G49	3960	0.903923	0.000014	0	0.041611	0.000025	0.054348	0	0.000076	0.000003	0.000029	0.054427	0.041715	0.000019	0.000003	0.000015	0.000076	0.000003	0.000078	0.048091	0.006368	-5064.009103	62	-1	0.904523	"5.419218e-01,1.515020e-01,2.649824e-02,1.438554e-01,7.134733e-02,1.780406e-02,2.775801e-02,1.655227e-02,2.760866e-03"	0.760453	0.185815	-0.078672	-5735.562608	7
3	12	281-G54	281-G46	4198	0.872474	0.000004	0	0.072581	0	0.049437	0	0.005504	0.000001	0.000003	0.054942	0.078085	0.000002	0.000001	0.000001	0.005504	0.000001	0.005505	0.066515	-0.011572	-5391.077146	90	-1	0.958885	"5.430364e-01,1.463989e-01,2.865922e-02,1.519435e-01,6.386658e-02,1.847107e-02,2.801997e-02,1.515954e-02,4.444830e-03"	0.887462	0.164328	-0.10766	-6085.53346	6
3	13	281-G54	281-G47	4130	0.908357	0	0	0.037287	0	0.054027	0	0.000329	0	0	0.054356	0.037617	0	0	0	0.000329	0	0.00033	0.045986	0.00837	-5308.47388	74	-1	0.943353	"5.277248e-01,1.610155e-01,2.840638e-02,1.511597e-01,6.646249e-02,1.772688e-02,2.880464e-02,1.486449e-02,3.835195e-03"	0.860802	0.165339	-0.100399	-6057.699193	10
3	14	281-G54	281-G52	4117	0.948362	0	0	0.000154	0	0.000163	0	0.05132	0.000001	0.000001	0.051484	0.051476	0.000001	0.000001	0.000001	0.05132	0.000001	0.051322	0.05148	0.000004	-5293.373126	110	-1	0.940384	"5.460526e-01,1.460253e-01,2.630809e-02,1.475144e-01,7.127649e-02,1.642142e-02,2.608507e-02,1.474003e-02,5.576596e-03"	0.735069	0.189015	-0.071716	-5946.721908	7
3	15	281-G54	281-G53	4181	0.921852	0	0	0.019591	0	0.028466	0	0.030091	0	0	0.058557	0.049682	0	0	0	0.030091	0	0.030091	0.05412	0.004438	-5400.215447	138	-1	0.955002	"5.361639e-01,1.539905e-01,2.883480e-02,1.440265e-01,7.055334e-02,1.862495e-02,2.832734e-02,1.497710e-02,4.501590e-03"	0.810197	0.181473	-0.092593	-6123.43351	6
3	16	281-G54	281-G45	4022	0.93167	0	0	0.010535	0	0.054857	0	0.002937	0.000001	0.000001	0.057795	0.013473	0.000001	0.000001	0.000001	0.002937	0.000001	0.002938	0.035634	0.022161	-5237.159898	170	-1	0.918684	"5.336798e-01,1.602898e-01,2.410126e-02,1.444299e-01,7.081146e-02,1.925098e-02,2.674592e-02,1.672545e-02,3.965407e-03"	0.718064	0.180852	-0.06403	-5914.020317	9
4	5	281-G36	281-G51	4143	0.930239	0	0	0.013337	0	0.055984	0	0.000438	0.000002	0.000002	0.056424	0.013777	0.000002	0.000002	0.000002	0.000438	0.000002	0.00044	0.035101	0.021324	-5358.582384	86	-1	0.946323	"5.262643e-01,1.678033e-01,2.394232e-02,1.545185e-01,6.432852e-02,1.497777e-02,2.668456e-02,1.742394e-02,4.056806e-03"	0.787005	0.158699	-0.07639	-6007.33567	10
4	6	281-G36	281-G126	4280	0.890939	0	0	0.05113	0	0.036954	0	0.020977	0	0	0.057931	0.072107	0	0	0	0.020977	0	0.020977	0.065019	-0.007088	-5476.027356	102	-1	0.977615	"5.398764e-01,1.507511e-01,2.772528e-02,1.517463e-01,6.396871e-02,1.776941e-02,2.912529e-02,1.297457e-02,6.062932e-03"	0.888725	0.163984	-0.107838	-6176.502809	6
4	7	281-G36	281-G35	4286	0.931249	0	0	0.004327	0	0.000016	0	0.064407	0	0	0.064424	0.068735	0	0	0	0.064407	0	0.064407	0.066579	-0.002155	-5574.926263	138	-1	0.978986	"5.294654e-01,1.569407e-01,3.273710e-02,1.504995e-01,6.691200e-02,1.504997e-02,3.137421e-02,1.230346e-02,4.717619e-03"	0.958144	0.167739	-0.130833	-6244.62257	6
4	8	281-G36	281-G43	4274	0.930885	0.000001	0	0.005261	0	0	0	0.063853	0	0	0.063853	0.069114	0	0	0	0.063853	0	0.063853	0.066484	-0.00263	-5461.023861	78	-1	0.976245	"5.410142e-01,1.479299e-01,2.970609e-02,1.525763e-01,6.438226e-02,1.584225e-02,2.963960e-02,1.188599e-02,7.023327e-03"	0.921771	0.166113	-0.118839	-6171.38565	6
4	9	281-G36	281-G44	4068	0.927956	0	0	0.011297	0	0.0267	0	0.034046	0.000001	0.000001	0.060747	0.045343	0.000001	0.000001	0.000001	0.034046	0.000001	0.034046	0.053045	0.007702	-5248.205543	182	-1	0.929191	"5.354408e-01,1.589488e-01,2.746447e-02,1.542035e-01,6.247755e-02,1.428678e-02,2.806009e-02,1.377545e-02,5.342631e-03"	0.888712	0.157478	-0.104193	-5876.42102	7
4	10	281-G36	281-G50	3771	0.922621	0.000001	0	0.019675	0	0.000145	0	0.057558	0	0	0.057704	0.077233	0	0	0	0.057558	0	0.057558	0.067469	-0.009765	-4838.885199	70	-1	0.861352	"5.462509e-01,1.460301e-01,3.006868e-02,1.510358e-01,6.349594e-02,1.590136e-02,2.621499e-02,1.446529e-02,6.536945e-03"	0.886414	0.165476	-0.107986	-5454.52934	9
4	11	281-G36	281-G49	4013	0.939216	0	0	0	0	0.016749	0	0.044036	0	0	0.060784	0.044036	0	0	0	0.044036	0	0.044036	0.05241	0.008374	-5148.36025	622	-1	0.916629	"5.353742e-01,1.584570e-01,2.571448e-02,1.487475e-01,6.846046e-02,1.479952e-02,2.942725e-02,1.335310e-02,5.666398e-03"	0.805454	0.175315	-0.088556	-5796.98579	9
4	12	281-G36	281-G46	4297	0.872826	0	0	0.064994	0	0.049461	0	0.012718	0.000002	0.000002	0.062181	0.077714	0.000002	0.000002	0.000002	0.012718	0.000002	0.01272	0.069947	-0.007767	-5533.142223	126	-1	0.981498	"5.414660e-01,1.490432e-01,2.852523e-02,1.533144e-01,6.216363e-02,1.679985e-02,2.903382e-02,1.435432e-02,5.299464e-03"	0.925928	0.158957	-0.115662	-6188.454666	6
4	13	281-G36	281-G47	4224	0.919476	0	0	0.019573	0	0.047987	0	0.012964	0	0	0.060951	0.032537	0	0	0	0.012964	0	0.012964	0.046744	0.014207	-5446.985176	130	-1	0.964824	"5.342296e-01,1.580389e-01,2.613320e-02,1.472786e-01,6.901364e-02,1.695878e-02,2.749909e-02,1.512920e-02,5.718998e-03"	0.777126	0.176488	-0.080455	-6145.976673	9
4	14	281-G36	281-G52	4203	0.942414	0	0	0.000001	0	0.001956	0	0.055626	0.000002	0.000002	0.057585	0.055629	0.000002	0.000002	0.000002	0.055626	0.000002	0.055628	0.056607	0.000977	-5440.272221	115	-1	0.960027	"5.346779e-01,1.567543e-01,2.768425e-02,1.535455e-01,6.373719e-02,1.497505e-02,2.928107e-02,1.332413e-02,6.020574e-03"	0.893753	0.16113	-0.107694	-6081.233003	7
4	15	281-G36	281-G53	4278	0.930187	0	0	0.012197	0.000001	0.015496	0	0.042112	0.000007	0.000008	0.057615	0.054316	0.000007	0.000007	0.000007	0.042112	0.000007	0.042119	0.055967	0.00165	-5533.05536	94	-1	0.977159	"5.381307e-01,1.530487e-01,2.772588e-02,1.478280e-01,6.825598e-02,1.724332e-02,2.625101e-02,1.456631e-02,6.950071e-03"	0.790801	0.176526	-0.084608	-6205.126809	7
4	16	281-G36	281-G45	4122	0.935928	0	0	0.001737	0	0.057563	0	0.004771	0.000001	0.000001	0.062334	0.006509	0.000001	0.000001	0.000001	0.004771	0.000001	0.004771	0.034421	0.027913	-5357.35642	210	-1	0.941526	"5.265753e-01,1.670348e-01,2.496699e-02,1.521492e-01,6.365193e-02,1.680505e-02,2.766072e-02,1.706051e-02,4.095459e-03"	0.826805	0.156903	-0.08661	-6026.305899	7
5	6	281-G51	281-G126	4147	0.929246	0	0	0.043725	0	0.000001	0	0.027028	0	0	0.027028	0.070753	0	0	0	0.027028	0	0.027028	0.048891	-0.021862	-5313.89184	46	-1	0.947236	"5.320975e-01,1.499276e-01,2.687451e-02,1.652938e-01,6.638690e-02,1.677307e-02,2.385048e-02,1.161099e-02,7.185187e-03"	0.764081	0.168353	-0.073603	-5991.385728	9
5	7	281-G51	281-G35	4150	0.934928	0	0	0.027098	0	0	0	0.037974	0.000001	0.000001	0.037975	0.065072	0.000001	0.000001	0.000001	0.037974	0.000001	0.037974	0.051523	-0.013549	-5412.366778	78	-1	0.947921	"5.218719e-01,1.523922e-01,3.244871e-02,1.619167e-01,7.298481e-02,1.550701e-02,2.824268e-02,1.070993e-02,3.926103e-03"	0.831562	0.181908	-0.099483	-6068.597451	9
5	8	281-G51	281-G43	4141	0.926984	0	0	0.043022	0	0.000002	0	0.029992	0	0	0.029994	0.073014	0	0	0	0.029992	0	0.029992	0.051504	-0.02151	-5305.698686	66	-1	0.945866	"5.356205e-01,1.429483e-01,2.943545e-02,1.641367e-01,6.679605e-02,1.771101e-02,2.691439e-02,1.201143e-02,4.426204e-03"	0.84361	0.169897	-0.097584	-5988.441888	6
5	9	281-G51	281-G44	3948	0.959052	0	0	0.011772	0	0.000026	0	0.029149	0.000001	0.000001	0.029176	0.040922	0.000001	0.000001	0.000001	0.029149	0.000001	0.029149	0.035049	-0.005873	-5097.788256	142	-1	0.901782	"5.323039e-01,1.517115e-01,2.760722e-02,1.641706e-01,6.946838e-02,1.111962e-02,2.405644e-02,1.339322e-02,6.169107e-03"	0.7437	0.177189	-0.070638	-5701.292651	7
5	10	281-G51	281-G50	3652	0.933154	0	0	0.04155	0	0.000002	0	0.025293	0	0	0.025296	0.066844	0	0	0	0.025293	0	0.025294	0.04607	-0.020774	-4691.617366	70	-1	0.834171	"5.378222e-01,1.368286e-01,3.031907e-02,1.638264e-01,7.368186e-02,1.514199e-02,2.380271e-02,1.456130e-02,4.015854e-03"	0.734533	0.19164	-0.072347	-5297.784282	7
5	11	281-G51	281-G49	3900	0.962098	0	0	0.010699	0	0.000001	0	0.027201	0.000002	0.000002	0.027203	0.037901	0.000002	0.000002	0.000002	0.027201	0.000002	0.027202	0.032552	-0.005349	-5009.249741	134	-1	0.890818	"5.275359e-01,1.552201e-01,2.753293e-02,1.614082e-01,7.159216e-02,1.392084e-02,2.325335e-02,1.450005e-02,5.036412e-03"	0.709383	0.180863	-0.061406	-5656.305163	7
5	12	281-G51	281-G46	4164	0.928756	0	0	0.041609	0	0.000001	0	0.029635	0	0	0.029635	0.071244	0	0	0	0.029635	0	0.029635	0.05044	-0.020804	-5357.597914	98	-1	0.951119	"5.301380e-01,1.487464e-01,3.032352e-02,1.656214e-01,6.620592e-02,1.659541e-02,2.763342e-02,1.082543e-02,3.910593e-03"	0.875404	0.16562	-0.104825	-6024.283045	9
5	13	281-G51	281-G47	4094	0.947855	0.000003	0	0.032297	0	0.019844	0	0.000001	0	0.000001	0.019845	0.032298	0.000001	0	0	0.000001	0	0.000001	0.026073	-0.006227	-5301.314031	74	-1	0.93513	"5.287485e-01,1.516933e-01,2.703131e-02,1.578202e-01,7.268117e-02,1.866575e-02,2.151409e-02,1.782025e-02,4.025354e-03"	0.667923	0.184215	-0.049677	-5987.080368	9
5	14	281-G51	281-G52	4073	0.949243	0	0	0.029145	0	0.000004	0	0.021607	0	0.000001	0.021612	0.050753	0.000001	0.000001	0	0.021607	0	0.021607	0.036182	-0.014571	-5273.69531	98	-1	0.930333	"5.327143e-01,1.494287e-01,2.652071e-02,1.628275e-01,6.849379e-02,1.757712e-02,2.357823e-02,1.403888e-02,4.820831e-03"	0.731438	0.173855	-0.065932	-5898.935668	9
5	15	281-G51	281-G53	4148	0.949689	0	0	0.03246	0	0.000305	0	0.017546	0.000001	0.000001	0.017851	0.050006	0.000001	0.000001	0.000001	0.017546	0.000001	0.017546	0.033928	-0.016078	-5379.484532	138	-1	0.947465	"5.313226e-01,1.506768e-01,2.636513e-02,1.567637e-01,7.152333e-02,2.057718e-02,2.223589e-02,1.582671e-02,4.708682e-03"	0.679513	0.18225	-0.05274	-6044.234792	7
5	16	281-G51	281-G45	3991	0.977035	0	0	0.000003	0	0.000128	0	0.022833	0.000001	0.000001	0.022962	0.022837	0.000001	0.000001	0.000001	0.022833	0.000001	0.022834	0.022899	0.000062	-5194.762812	86	-1	0.911603	"5.222043e-01,1.585186e-01,2.632305e-02,1.597324e-01,7.519533e-02,1.491269e-02,2.452312e-02,1.333576e-02,5.254680e-03"	0.676188	0.189244	-0.053326	-5857.50652	9
6	7	281-G126	281-G35	4289	0.928752	0	0	0.000069	0	0.00187	0	0.069309	0	0	0.071179	0.069378	0	0	0	0.069309	0	0.069309	0.070279	0.0009	-5517.570504	166	-1	0.979671	"5.365118e-01,1.518018e-01,3.139799e-02,1.425931e-01,6.966170e-02,1.599670e-02,3.338150e-02,1.426385e-02,4.391600e-03"	0.929916	0.178879	-0.129095	-6244.125174	6
6	8	281-G126	281-G43	4283	0.919063	0	0	0.015928	0	0.01392	0	0.051089	0	0	0.06501	0.067017	0	0	0	0.051089	0	0.051089	0.066013	-0.001004	-5429.62296	78	-1	0.978301	"5.463935e-01,1.463031e-01,2.570225e-02,1.459004e-01,6.606057e-02,1.792778e-02,3.108003e-02,1.306961e-02,7.562761e-03"	0.859549	0.173851	-0.104331	-6176.691553	6
6	9	281-G126	281-G44	4074	0.931539	0	0	0.000002	0	0.021125	0	0.047334	0	0	0.06846	0.047336	0	0	0	0.047334	0	0.047335	0.057898	0.010562	-5204.043917	142	-1	0.930562	"5.377200e-01,1.547607e-01,2.693461e-02,1.473365e-01,6.659712e-02,1.384167e-02,3.241751e-02,1.484857e-02,5.543422e-03"	0.891211	0.170701	-0.112304	-5913.174292	9
6	10	281-G126	281-G50	3780	0.906109	0	0	0.030442	0	0.020566	0	0.042884	0	0	0.06345	0.073326	0	0	0	0.042884	0	0.042884	0.068388	-0.004938	-4806.971856	106	-1	0.863408	"5.499120e-01,1.431968e-01,2.851806e-02,1.461403e-01,6.402594e-02,1.744679e-02,2.650140e-02,1.777959e-02,6.479150e-03"	0.859331	0.168674	-0.10166	-5470.171504	6
6	11	281-G126	281-G49	4018	0.931038	0	0	0.000006	0	0.023691	0	0.045265	0	0	0.068956	0.045272	0	0	0	0.045265	0	0.045265	0.057114	0.011842	-5105.405277	130	-1	0.917771	"5.432087e-01,1.510853e-01,2.678891e-02,1.422182e-01,7.226041e-02,1.356926e-02,2.713821e-02,1.801898e-02,5.712034e-03"	0.746289	0.190752	-0.075826	-5795.046791	7
6	12	281-G126	281-G46	4304	0.924049	0	0	0.000462	0	0.000001	0.000003	0.075484	0	0.000003	0.075489	0.075947	0.000002	0.000002	0	0.075484	0	0.075484	0.075719	-0.00023	-5503.585322	130	-1	0.983097	"5.436664e-01,1.485718e-01,2.661354e-02,1.460323e-01,6.564056e-02,1.694298e-02,3.222846e-02,1.286980e-02,7.434055e-03"	0.896428	0.171269	-0.114206	-6217.498304	6
6	13	281-G126	281-G47	4230	0.903058	0	0	0.023864	0	0.067169	0	0.005908	0.000001	0.000001	0.073078	0.029773	0.000001	0.000001	0.000001	0.005908	0.000001	0.005909	0.051426	0.021652	-5410.599348	158	-1	0.966195	"5.399080e-01,1.510668e-01,2.880502e-02,1.409579e-01,7.100577e-02,1.629729e-02,2.728326e-02,2.051285e-02,4.162983e-03"	0.789912	0.184467	-0.08744	-6164.907918	9
6	14	281-G126	281-G52	4209	0.931313	0	0	0.00001	0	0.008671	0	0.060006	0	0	0.068677	0.060016	0	0	0	0.060006	0	0.060006	0.064346	0.00433	-5410.715818	110	-1	0.961398	"5.371398e-01,1.545311e-01,2.726006e-02,1.477663e-01,6.599922e-02,1.518278e-02,3.272900e-02,1.276084e-02,6.630959e-03"	0.908936	0.169129	-0.116777	-6107.498665	6
6	15	281-G126	281-G53	4286	0.890007	0	0	0.039948	0	0.055071	0	0.014974	0	0	0.070046	0.054922	0	0	0	0.014974	0	0.014975	0.062484	0.007562	-5514.972133	158	-1	0.978986	"5.303328e-01,1.582897e-01,2.998968e-02,1.527438e-01,6.124521e-02,1.533207e-02,2.668073e-02,1.796608e-02,7.419889e-03"	0.925304	0.15273	-0.111596	-6267.392909	6
6	16	281-G126	281-G45	4129	0.917332	0	0	0.000039	0	0.068005	0	0.014623	0	0	0.082629	0.014663	0	0	0	0.014623	0	0.014623	0.048646	0.033983	-5326.097628	78	-1	0.943125	"5.344977e-01,1.629604e-01,2.408684e-02,1.415037e-01,6.889705e-02,1.523101e-02,3.056118e-02,1.528450e-02,6.977603e-03"	0.793184	0.176828	-0.085451	-6035.833312	7
7	8	281-G35	281-G43	4282	0.929523	0	0	0.000061	0	0.000166	0.000002	0.070248	0	0.000002	0.070417	0.070309	0.000001	0.000001	0	0.070248	0	0.070248	0.070364	0.000053	-5512.014765	94	-1	0.978072	"5.366320e-01,1.481217e-01,2.796062e-02,1.565335e-01,6.309713e-02,1.554442e-02,3.038687e-02,1.362765e-02,8.096004e-03"	0.924725	0.16089	-0.116512	-6213.251924	6
7	9	281-G35	281-G44	4074	0.907428	0	0	0.012528	0	0.047546	0	0.032497	0.000001	0.000001	0.080044	0.045026	0.000001	0.000001	0.000001	0.032497	0.000001	0.032498	0.062535	0.017509	-5288.819816	110	-1	0.930562	"5.328681e-01,1.542755e-01,2.731935e-02,1.545208e-01,6.442666e-02,1.328253e-02,3.162723e-02,1.567289e-02,6.006910e-03"	0.914941	0.162407	-0.114586	-5934.650145	9
7	10	281-G35	281-G50	3776	0.862691	0.000003	0	0.072921	0	0.063106	0	0.001277	0.000003	0.000004	0.064385	0.0742	0.000003	0.000003	0.000003	0.001277	0.000003	0.001279	0.069294	-0.004907	-4895.960434	82	-1	0.862494	"5.365994e-01,1.428260e-01,3.227264e-02,1.571198e-01,6.310539e-02,1.547575e-02,2.857834e-02,1.932956e-02,4.693079e-03"	0.964275	0.159517	-0.127118	-5536.729579	9
7	11	281-G35	281-G49	4019	0.923896	0	0	0.000129	0	0.04275	0	0.033224	0.000001	0.000001	0.075975	0.033353	0.000001	0.000001	0.000001	0.033224	0.000001	0.033225	0.054664	0.021311	-5181.961306	195	-1	0.917999	"5.340688e-01,1.542989e-01,2.701520e-02,1.504247e-01,6.779367e-02,1.410033e-02,2.828656e-02,1.958389e-02,4.427884e-03"	0.815736	0.172192	-0.090317	-5835.857129	6
7	12	281-G35	281-G46	4308	0.916146	0	0	0.014784	0	0.004202	0	0.064868	0	0	0.06907	0.079652	0	0	0	0.064868	0	0.064868	0.074361	-0.005291	-5594.199657	134	-1	0.984011	"5.336121e-01,1.482569e-01,3.049523e-02,1.560236e-01,6.401589e-02,1.507330e-02,3.255449e-02,1.385980e-02,6.108668e-03"	0.984908	0.161549	-0.1346	-6271.811807	6
7	13	281-G35	281-G47	4233	0.900086	0	0	0.029804	0	0.062158	0	0.007951	0	0	0.07011	0.037755	0	0	0	0.007952	0	0.007952	0.053933	0.016177	-5498.396251	102	-1	0.96688	"5.286699e-01,1.573154e-01,2.691560e-02,1.536005e-01,6.396675e-02,1.679256e-02,2.619831e-02,2.007188e-02,6.469165e-03"	0.830336	0.15956	-0.088837	-6213.635293	6
7	14	281-G35	281-G52	4211	0.922061	0	0	0.000745	0	0.025308	0	0.051886	0	0	0.077194	0.052631	0	0	0	0.051886	0	0.051886	0.064913	0.012282	-5488.119852	142	-1	0.961855	"5.348074e-01,1.501644e-01,3.057660e-02,1.496593e-01,6.752691e-02,1.450353e-02,3.154498e-02,1.696647e-02,4.250403e-03"	0.919953	0.171643	-0.121618	-6140.491016	6
7	15	281-G35	281-G53	4286	0.927396	0	0	0.00273	0	0.015964	0	0.05391	0	0	0.069875	0.05664	0	0	0	0.05391	0	0.05391	0.063257	0.006617	-5588.773895	154	-1	0.978986	"5.300391e-01,1.504025e-01,3.115679e-02,1.521685e-01,6.884149e-02,1.483551e-02,2.852618e-02,1.729043e-02,6.739465e-03"	0.866962	0.174556	-0.106957	-6293.759983	6
7	16	281-G35	281-G45	4127	0.930745	0	0	0.000354	0	0.057185	0	0.011716	0	0	0.068901	0.01207	0	0	0	0.011716	0	0.011716	0.040485	0.028416	-5395.710252	250	-1	0.942668	"5.306290e-01,1.592335e-01,2.394623e-02,1.472209e-01,6.999412e-02,1.660659e-02,2.734852e-02,1.871612e-02,6.305059e-03"	0.732844	0.17807	-0.067658	-6061.971664	9
8	9	281-G43	281-G44	4064	0.936415	0	0	0.001522	0	0.017539	0	0.044525	0	0	0.062063	0.046046	0	0	0	0.044525	0	0.044525	0.054055	0.008009	-5189.00748	106	-1	0.928278	"5.462256e-01,1.510668e-01,2.639432e-02,1.432986e-01,6.817985e-02,1.447164e-02,2.893762e-02,1.534265e-02,6.082882e-03"	0.811558	0.179652	-0.092248	-5857.195803	9
8	10	281-G43	281-G50	3765	0.91405	0	0	0.019787	0	0.007497	0	0.058666	0	0	0.066163	0.078452	0	0	0	0.058666	0	0.058666	0.072308	-0.006145	-4788.763818	134	-1	0.859982	"5.508623e-01,1.435047e-01,3.113564e-02,1.450404e-01,6.331740e-02,1.495700e-02,2.739237e-02,1.669687e-02,7.093241e-03"	0.924359	0.167185	-0.120265	-5449.0715	7
8	11	281-G43	281-G49	4016	0.942298	0	0	0	0	0.01559	0	0.042111	0	0	0.057702	0.042112	0	0	0	0.042111	0	0.042112	0.049907	0.007795	-5105.968406	130	-1	0.917314	"5.373253e-01,1.566262e-01,2.768940e-02,1.461089e-01,6.864186e-02,1.317657e-02,2.789974e-02,1.709210e-02,5.439894e-03"	0.809843	0.176642	-0.090448	-5808.508376	10
8	12	281-G43	281-G46	4297	0.913741	0	0	0.018409	0.000008	0.009516	0	0.058326	0	0.000006	0.067843	0.076743	0.000004	0	0.000004	0.058326	0	0.058326	0.072297	-0.004446	-5484.594655	114	-1	0.981498	"5.487051e-01,1.443033e-01,3.001961e-02,1.447975e-01,6.563400e-02,1.455852e-02,2.913144e-02,1.634722e-02,6.503379e-03"	0.901226	0.173105	-0.11671	-6189.451884	6
8	13	281-G43	281-G47	4226	0.912309	0	0	0.023352	0	0.055909	0	0.00843	0.000001	0.000001	0.06434	0.031782	0.000001	0.000001	0.000001	0.00843	0.000001	0.008431	0.048061	0.016279	-5406.948814	170	-1	0.965281	"5.345145e-01,1.578830e-01,2.934895e-02,1.448138e-01,6.588856e-02,1.581691e-02,2.854440e-02,1.905706e-02,4.132877e-03"	0.878656	0.166611	-0.106314	-6174.51258	9
8	14	281-G43	281-G52	4202	0.879532	0	0	0.052853	0	0.067548	0	0.000066	0	0.000001	0.067614	0.05292	0	0	0	0.000067	0	0.000067	0.060268	0.007347	-5390.262062	86	-1	0.959799	"5.368657e-01,1.603542e-01,2.677210e-02,1.500657e-01,5.719577e-02,1.720179e-02,3.012964e-02,1.601948e-02,5.395701e-03"	0.994859	0.142796	-0.123589	-6086.580349	9
8	15	281-G43	281-G53	4281	0.933781	0	0	0.000019	0	0.007481	0	0.058719	0	0	0.0662	0.058738	0	0	0	0.058719	0	0.058719	0.062469	0.003731	-5485.244306	82	-1	0.977844	"5.414942e-01,1.495033e-01,3.195757e-02,1.424246e-01,6.859714e-02,1.378602e-02,2.738125e-02,1.894365e-02,5.912381e-03"	0.865033	0.17864	-0.108434	-6225.373904	6
8	16	281-G43	281-G45	4120	0.928978	0	0	0.000012	0	0.055668	0	0.015343	0	0	0.07101	0.015354	0	0	0	0.015343	0	0.015343	0.043182	0.027828	-5303.53546	150	-1	0.941069	"5.327829e-01,1.665457e-01,2.627249e-02,1.434852e-01,6.462305e-02,1.422068e-02,2.976416e-02,1.667302e-02,5.632806e-03"	0.867131	0.162794	-0.100921	-6021.696935	6
9	10	281-G44	281-G50	3618	0.882451	0	0.000001	0.072976	0	0.040181	0	0.00439	0	0.000001	0.044571	0.077367	0	0	0	0.004391	0	0.004391	0.06097	-0.016398	-4606.718042	146	-1	0.826405	"5.478194e-01,1.467216e-01,2.835352e-02,1.513214e-01,6.072662e-02,1.927074e-02,2.511709e-02,1.559769e-02,5.071958e-03"	0.880513	0.157167	-0.101713	-5224.997659	9
9	11	281-G44	281-G49	3813	0.936617	0	0	0.01656	0	0.022263	0	0.02456	0	0	0.046823	0.041121	0	0	0	0.02456	0	0.02456	0.043972	0.002851	-4890.254476	122	-1	0.870946	"5.333602e-01,1.582283e-01,2.690300e-02,1.534370e-01,6.563167e-02,1.496872e-02,2.740881e-02,1.540855e-02,4.653715e-03"	0.827524	0.165588	-0.090833	-5532.389163	9
9	12	281-G44	281-G46	4086	0.939108	0	0	0.015781	0	0.000031	0	0.04508	0	0	0.045111	0.060862	0	0	0	0.04508	0	0.04508	0.052986	-0.007875	-5225.552542	166	-1	0.933303	"5.443776e-01,1.459994e-01,2.817314e-02,1.547667e-01,6.577422e-02,1.442089e-02,2.579565e-02,1.517802e-02,5.514362e-03"	0.820516	0.171138	-0.09128	-5868.181001	9
9	13	281-G44	281-G47	4017	0.955011	0	0	0.000062	0	0.009546	0	0.035381	0	0	0.044927	0.035443	0	0	0	0.035381	0	0.035381	0.040185	0.004742	-5188.901848	134	-1	0.917542	"5.350719e-01,1.538018e-01,2.864455e-02,1.468683e-01,7.336144e-02,1.521403e-02,2.552030e-02,1.622886e-02,5.288830e-03"	0.738329	0.189919	-0.073028	-5872.773507	7
9	14	281-G44	281-G52	3999	0.945627	0	0	0.011274	0	0.000027	0	0.043071	0	0	0.043099	0.054346	0	0	0	0.043071	0	0.043071	0.048722	-0.005624	-5162.144598	138	-1	0.913431	"5.368578e-01,1.523952e-01,2.871109e-02,1.547050e-01,6.544851e-02,1.558269e-02,2.784007e-02,1.372447e-02,4.735146e-03"	0.864056	0.166553	-0.101976	-5797.166071	7
9	15	281-G44	281-G53	4072	0.915361	0.000004	0	0.040369	0	0.042755	0	0.001511	0.000001	0.000003	0.044267	0.041881	0.000002	0.000001	0.000001	0.001511	0.000001	0.001512	0.043076	0.001193	-5262.189323	70	-1	0.930105	"5.327798e-01,1.584185e-01,2.679276e-02,1.520361e-01,6.451647e-02,1.907923e-02,2.476052e-02,1.660943e-02,5.007219e-03"	0.799072	0.162225	-0.081212	-5935.734156	9
9	16	281-G44	281-G45	3920	0.94911	0	0	0	0	0.032036	0	0.018854	0	0	0.050889	0.018854	0	0	0	0.018854	0	0.018854	0.034872	0.016018	-5089.677144	106	-1	0.895386	"5.310512e-01,1.640280e-01,2.537743e-02,1.497407e-01,6.791887e-02,1.525685e-02,2.656398e-02,1.405557e-02,6.007352e-03"	0.764757	0.171937	-0.075094	-5727.358405	9
10	11	281-G50	281-G49	3525	0.929427	0	0	0.000052	0	0.029339	0	0.041181	0.000001	0.000001	0.070521	0.041234	0.000001	0.000001	0.000001	0.041181	0.000001	0.041182	0.055877	0.014644	-4506.098551	126	-1	0.805162	"5.436176e-01,1.549071e-01,2.709575e-02,1.410075e-01,6.947592e-02,1.308101e-02,2.682392e-02,1.733882e-02,6.652349e-03"	0.776092	0.182709	-0.082451	-5109.973586	7
10	12	281-G50	281-G46	3786	0.882122	0	0	0.041537	0	0.031146	0	0.045195	0	0	0.076341	0.086732	0	0	0	0.045195	0	0.045195	0.081537	-0.005196	-4827.330005	154	-1	0.864778	"5.489405e-01,1.453134e-01,2.900588e-02,1.506150e-01,5.794560e-02,1.563307e-02,3.131963e-02,1.578991e-02,5.436944e-03"	1.041071	0.149469	-0.14147	-5455.80881	7
10	13	281-G50	281-G47	3725	0.920758	0	0	0.000343	0	0.038143	0	0.040755	0.000001	0.000001	0.078899	0.041099	0.000001	0.000001	0.000001	0.040755	0.000001	0.040756	0.059999	0.0189	-4782.128167	122	-1	0.850845	"5.375952e-01,1.571716e-01,3.032412e-02,1.424972e-01,6.452374e-02,1.518170e-02,2.948550e-02,1.815306e-02,5.067854e-03"	0.92694	0.164261	-0.119241	-5466.495991	9
10	14	281-G50	281-G52	3700	0.878011	0	0	0.044517	0	0.071403	0	0.006067	0.000002	0.000002	0.077472	0.050586	0.000002	0.000002	0.000002	0.006067	0.000002	0.006069	0.064029	0.013443	-4780.163007	118	-1	0.845135	"5.395817e-01,1.581408e-01,2.592117e-02,1.470280e-01,6.028153e-02,1.653433e-02,3.023940e-02,1.562671e-02,6.646281e-03"	0.931638	0.153197	-0.11365	-5385.613742	9
10	15	281-G50	281-G53	3771	0.907284	0	0	0.014952	0	0.041394	0	0.03637	0	0	0.077764	0.051322	0	0	0	0.03637	0	0.03637	0.064543	0.013221	-4851.798246	154	-1	0.861352	"5.356081e-01,1.586021e-01,3.087814e-02,1.465106e-01,6.088214e-02,1.520387e-02,3.106726e-02,1.679058e-02,4.457198e-03"	1.017464	0.152567	-0.137312	-5517.695026	7
10	16	281-G50	281-G45	3643	0.92086	0	0	0.000002	0	0.047285	0	0.031853	0	0	0.079138	0.031855	0	0	0	0.031853	0	0.031853	0.055496	0.023642	-4718.118398	98	-1	0.832115	"5.397935e-01,1.608189e-01,2.419756e-02,1.379456e-01,6.739000e-02,1.707474e-02,3.098439e-02,1.553202e-02,6.263249e-03"	0.818845	0.174336	-0.092189	-5332.65207	9
11	12	281-G49	281-G46	4030	0.928477	0	0	0.03051	0	0.000032	0	0.040981	0	0	0.041013	0.071492	0	0	0	0.040981	0	0.040982	0.056252	-0.015239	-5147.204008	94	-1	0.920512	"5.407757e-01,1.451794e-01,2.652404e-02,1.548930e-01,6.858702e-02,1.787598e-02,2.818978e-02,1.258479e-02,5.390310e-03"	0.797729	0.178034	-0.087321	-5803.915635	9
11	13	281-G49	281-G47	3969	0.965232	0	0	0	0	0.001348	0	0.03342	0	0	0.034768	0.03342	0	0	0	0.03342	0	0.03342	0.034094	0.000674	-5089.47493	114	-1	0.906578	"5.300013e-01,1.580283e-01,2.619841e-02,1.519247e-01,7.242653e-02,1.667653e-02,2.490160e-02,1.398423e-02,5.858461e-03"	0.705543	0.184897	-0.06133	-5786.423159	7
11	14	281-G49	281-G52	3953	0.943719	0	0	0.016244	0	0.000004	0	0.040032	0.000001	0.000001	0.040037	0.056276	0.000001	0.000001	0.000001	0.040032	0.000001	0.040033	0.048157	-0.00812	-5074.016637	118	-1	0.902924	"5.368639e-01,1.512751e-01,2.600467e-02,1.557473e-01,6.668993e-02,1.733194e-02,2.695365e-02,1.335382e-02,5.779620e-03"	0.794098	0.170708	-0.083268	-5714.123981	7
11	15	281-G49	281-G53	4014	0.91894	0	0	0.04971	0	0.026287	0	0.005062	0	0	0.031349	0.054772	0	0	0	0.005062	0	0.005062	0.043061	-0.011711	-5172.718372	106	-1	0.916857	"5.244195e-01,1.574418e-01,3.129047e-02,1.595979e-01,6.446623e-02,1.766992e-02,2.494857e-02,1.575351e-02,4.412143e-03"	0.87238	0.15851	-0.100151	-5877.545859	7
11	16	281-G49	281-G45	3865	0.966063	0	0	0.000015	0	0.015739	0	0.018183	0	0	0.033923	0.018198	0	0	0	0.018183	0	0.018184	0.02606	0.007862	-4993.891643	122	-1	0.882823	"5.267465e-01,1.646647e-01,2.250516e-02,1.499315e-01,7.048193e-02,1.981195e-02,2.728611e-02,1.252150e-02,6.050645e-03"	0.70644	0.177661	-0.059645	-5664.875598	7
12	13	281-G46	281-G47	4245	0.90927	0	0	0.011076	0	0.059081	0	0.020573	0.000001	0.000001	0.079654	0.031649	0.000001	0.000001	0.000001	0.020573	0.000001	0.020574	0.055652	0.024003	-5449.553832	122	-1	0.969621	"5.362195e-01,1.598335e-01,2.768034e-02,1.460641e-01,6.402092e-02,1.469293e-02,2.682845e-02,1.823871e-02,6.421522e-03"	0.851422	0.162763	-0.096379	-6168.571216	7
12	14	281-G46	281-G52	4227	0.881254	0	0	0.038119	0	0.065149	0	0.015477	0.000002	0.000002	0.080627	0.053597	0.000002	0.000002	0.000002	0.015477	0.000002	0.015478	0.067112	0.013515	-5456.896174	110	-1	0.965509	"5.396754e-01,1.573655e-01,2.763961e-02,1.476338e-01,6.037949e-02,1.655761e-02,3.003623e-02,1.549583e-02,5.216592e-03"	0.955222	0.152965	-0.120076	-6105.701958	9
12	15	281-G46	281-G53	4304	0.922735	0	0	0.000011	0	0.017124	0.000001	0.060128	0	0.000001	0.077254	0.060139	0.000001	0.000001	0	0.060128	0	0.060128	0.068697	0.008557	-5561.656157	98	-1	0.983097	"5.367630e-01,1.544222e-01,3.121931e-02,1.444077e-01,6.619924e-02,1.529072e-02,2.913299e-02,1.655496e-02,6.009813e-03"	0.911677	0.169295	-0.117703	-6274.276568	6
12	16	281-G46	281-G45	4140	0.926154	0	0	0.000139	0	0.06139	0	0.012317	0	0	0.073708	0.012456	0	0	0	0.012317	0	0.012317	0.043082	0.030626	-5350.29788	154	-1	0.945637	"5.310939e-01,1.658797e-01,2.819026e-02,1.461654e-01,6.391897e-02,1.438200e-02,2.808655e-02,1.817908e-02,4.104233e-03"	0.88044	0.159446	-0.102943	-6036.770601	6
13	14	281-G47	281-G52	4152	0.947969	0	0	0.013486	0	0.000053	0	0.03849	0.000001	0.000001	0.038545	0.051978	0.000001	0.000001	0.000001	0.03849	0.000001	0.038491	0.045261	-0.006716	-5362.5904	126	-1	0.948378	"5.303786e-01,1.502361e-01,2.670990e-02,1.568765e-01,6.826946e-02,1.749502e-02,3.131508e-02,1.404255e-02,4.676816e-03"	0.849941	0.172104	-0.100551	-6079.652588	7
13	15	281-G47	281-G53	4228	0.937572	0	0	0.032927	0	0.009369	0	0.020132	0	0	0.029501	0.053059	0	0	0	0.020132	0	0.020133	0.04128	-0.011779	-5464.612761	122	-1	0.965738	"5.322506e-01,1.475407e-01,2.865803e-02,1.511414e-01,7.333433e-02,1.826185e-02,2.593752e-02,1.777954e-02,5.096003e-03"	0.744475	0.188366	-0.074486	-6209.897026	9
13	16	281-G47	281-G45	4070	0.969967	0	0	0.000002	0	0.012401	0	0.01763	0	0	0.030031	0.017632	0	0	0	0.01763	0	0.01763	0.023831	0.0062	-5285.199724	130	-1	0.929648	"5.289650e-01,1.558326e-01,2.320809e-02,1.490773e-01,7.666271e-02,1.795484e-02,2.718284e-02,1.578823e-02,5.328415e-03"	0.657307	0.197054	-0.049025	-5994.089544	7
14	15	281-G52	281-G53	4205	0.89335	0	0	0.053837	0	0.05274	0	0.000071	0.000001	0.000002	0.052813	0.053909	0.000001	0.000001	0.000001	0.000071	0.000001	0.000073	0.053361	-0.000548	-5469.657282	82	-1	0.960484	"5.347967e-01,1.540142e-01,2.860080e-02,1.481362e-01,6.504750e-02,2.026595e-02,2.673823e-02,1.893139e-02,3.469112e-03"	0.850748	0.163977	-0.096789	-6143.083021	9
14	16	281-G52	281-G45	4053	0.94751	0	0	0.000007	0	0.036492	0	0.015991	0	0	0.052483	0.015998	0	0	0	0.015991	0	0.015991	0.034241	0.018242	-5278.290921	74	-1	0.925765	"5.254671e-01,1.659609e-01,2.557600e-02,1.537578e-01,6.514237e-02,1.424535e-02,2.729863e-02,1.620189e-02,6.349952e-03"	0.811678	0.161627	-0.084518	-5950.045734	9
15	16	281-G53	281-G45	4124	0.950576	0	0	0.000007	0	0.029071	0	0.020345	0.000002	0.000002	0.049417	0.020353	0.000002	0.000002	0.000002	0.020345	0.000002	0.020346	0.034885	0.014532	-5384.92382	78	-1	0.941983	"5.296794e-01,1.563987e-01,2.290928e-02,1.482016e-01,7.352501e-02,1.743963e-02,2.759773e-02,1.778475e-02,6.463889e-03"	0.686936	0.188365	-0.05646	-6082.882705	7
																																		
																																		